"foaf	http://xmlns.com/foaf/0.1/\n"+
"lgdo	http://linkedgeodata.org/ontology/\n"+
"lgdp	http://linkedgeodata.org/property/\n"+
"rdf	http://www.w3.org/1999/02/22-rdf-syntax-ns#\n"+
"dc	http://purl.org/dc/terms/\n"+
"rdfs	http://www.w3.org/2000/01/rdf-schema#\n"+
"owl	http://www.w3.org/2002/07/owl#\n"+
"geonames	http://www.geonames.org/ontology#\n"+
"geo	http://www.w3.org/2003/01/geo/wgs84_pos#\n"+
"skos	http://www.w3.org/2004/02/skos/core#\n"+
"dbp	http://dbpedia.org/property/\n"+
"swrc	http://swrc.ontoware.org/ontology#\n"+
"sioc	http://rdfs.org/sioc/ns#\n"+
"xsd	http://www.w3.org/2001/XMLSchema#\n"+
"dbo	http://dbpedia.org/ontology/\n"+
"dc11	http://purl.org/dc/elements/1.1/\n"+
"doap	http://usefulinc.com/ns/doap#\n"+
"dbpprop	http://dbpedia.org/property/\n"+
"content	http://purl.org/rss/1.0/modules/content/\n"+
"wot	http://xmlns.com/wot/0.1/\n"+
"rss	http://purl.org/rss/1.0/\n"+
"gen	http://www.w3.org/2006/gen/ont#\n"+
"d2rq	http://www.wiwiss.fu-berlin.de/suhl/bizer/D2RQ/0.1#\n"+
"dbpedia	http://dbpedia.org/resource/\n"+
"nie	http://www.semanticdesktop.org/ontologies/2007/01/19/nie#\n"+
"xhtml	http://www.w3.org/1999/xhtml#\n"+
"test2	http://this.invalid/test2#\n"+
"gr	http://purl.org/goodrelations/v1#\n"+
"dcterms	http://purl.org/dc/terms/\n"+
"akt	http://www.aktors.org/ontology/portal#\n"+
"org	http://www.w3.org/ns/org#\n"+
"vcard	http://www.w3.org/2006/vcard/ns#\n"+
"dct	http://purl.org/dc/terms/\n"+
"ex	http://example.org/\n"+
"owlim	http://www.ontotext.com/trree/owlim#\n"+
"fb	http://rdf.freebase.com/ns/\n"+
"cfp	http://sw.deri.org/2005/08/conf/cfp.owl#\n"+
"xf	http://www.w3.org/2002/xforms/\n"+
"sism	http://purl.oclc.org/NET/sism/0.1/\n"+
"earl	http://www.w3.org/ns/earl#\n"+
"bio	http://purl.org/vocab/bio/0.1/\n"+
"reco	http://ontologies.ezweb.morfeo-project.org/reco/ns#\n"+
"media	http://purl.org/microformat/hmedia/\n"+
"xfn	http://vocab.sindice.com/xfn#\n"+
"dcmit	http://purl.org/dc/dcmitype/\n"+
"fn	http://www.w3.org/2005/xpath-functions#\n"+
"air	http://dig.csail.mit.edu/TAMI/2007/amord/air#\n"+
"void	http://rdfs.org/ns/void#\n"+
"afn	http://jena.hpl.hp.com/ARQ/function#\n"+
"cc	http://creativecommons.org/ns#\n"+
"cld	http://purl.org/cld/terms/\n"+
"ical	http://www.w3.org/2002/12/cal/ical#\n"+
"mu	http://www.kanzaki.com/ns/music#\n"+
"vann	http://purl.org/vocab/vann/\n"+
"days	http://ontologi.es/days#\n"+
"http	http://www.w3.org/2006/http#\n"+
"osag	http://www.ordnancesurvey.co.uk/ontology/AdministrativeGeography/v2.0/AdministrativeGeography.rdf#\n"+
"cal	http://www.w3.org/2002/12/cal/ical#\n"+
"sd	http://www.w3.org/ns/sparql-service-description#\n"+
"musim	http://purl.org/ontology/similarity/\n"+
"botany	http://purl.org/NET/biol/botany#\n"+
"factbook	http://www4.wiwiss.fu-berlin.de/factbook/ns#\n"+
"cs	http://purl.org/vocab/changeset/schema#\n"+
"swande	http://purl.org/swan/1.2/discourse-elements/\n"+
"rev	http://purl.org/stuff/rev#\n"+
"log	http://www.w3.org/2000/10/swap/log#\n"+
"bibo	http://purl.org/ontology/bibo/\n"+
"cv	http://rdfs.org/resume-rdf/\n"+
"ome	http://purl.org/ontomedia/core/expression#\n"+
"biblio	http://purl.org/net/biblio#\n"+
"ok	http://okkam.org/terms#\n"+
"rel	http://purl.org/vocab/relationship/\n"+
"giving	http://ontologi.es/giving#\n"+
"dir	http://schemas.talis.com/2005/dir/schema#\n"+
"memo	http://ontologies.smile.deri.ie/2009/02/27/memo#\n"+
"ir	http://www.ontologydesignpatterns.org/cp/owl/informationrealization.owl#\n"+
"event	http://purl.org/NET/c4dm/event.owl#\n"+
"ad	http://schemas.talis.com/2005/address/schema#\n"+
"af	http://purl.org/ontology/af/\n"+
"dbr	http://dbpedia.org/resource/\n"+
"co	http://purl.org/ontology/co/core#\n"+
"xs	http://www.w3.org/2001/XMLSchema#\n"+
"rif	http://www.w3.org/2007/rif#\n"+
"daia	http://purl.org/ontology/daia/\n"+
"swc	http://data.semanticweb.org/ns/swc/ontology#\n"+
"bill	http://www.rdfabout.com/rdf/schema/usbill/\n"+
"tag	http://www.holygoat.co.uk/owl/redwood/0.1/tags/\n"+
"dcq	http://purl.org/dc/terms/\n"+
"rdfg	http://www.w3.org/2004/03/trix/rdfg-1/\n"+
"xhv	http://www.w3.org/1999/xhtml/vocab#\n"+
"swanq	http://purl.org/swan/1.2/qualifiers/\n"+
"cmp	http://www.ontologydesignpatterns.org/cp/owl/componency.owl#\n"+
"aiiso	http://purl.org/vocab/aiiso/schema#\n"+
"sr	http://www.openrdf.org/config/repository/sail#\n"+
"math	http://www.w3.org/2000/10/swap/math#\n"+
"book	http://purl.org/NET/book/vocab#\n"+
"jdbc	http://d2rq.org/terms/jdbc/\n"+
"ne	http://umbel.org/umbel/ne/\n"+
"dcn	http://www.w3.org/2007/uwa/context/deliverycontext.owl#\n"+
"myspace	http://purl.org/ontology/myspace#\n"+
"ctag	http://commontag.org/ns#\n"+
"os	http://www.w3.org/2000/10/swap/os#\n"+
"tzont	http://www.w3.org/2006/timezone#\n"+
"omb	http://purl.org/ontomedia/ext/common/being#\n"+
"spc	http://purl.org/ontomedia/core/space#\n"+
"lx	http://purl.org/NET/lx#\n"+
"wn	http://xmlns.com/wordnet/1.6/\n"+
"lang	http://ontologi.es/lang/core#\n"+
"money	http://purl.org/net/rdf-money/\n"+
"rep	http://www.openrdf.org/config/repository#\n"+
"ore	http://www.openarchives.org/ore/terms/\n"+
"coref	http://www.rkbexplorer.com/ontologies/coref#\n"+
"dcam	http://purl.org/dc/dcam/\n"+
"tdb	http://jena.hpl.hp.com/2008/tdb#\n"+
"nfo	http://www.semanticdesktop.org/ontologies/2007/03/22/nfo#\n"+
"irrl	http://www.ontologydesignpatterns.org/cp/owl/informationobjectsandrepresentationlanguages.owl#\n"+
"kwijibo	http://kwijibo.talis.com/\n"+
"h5	http://buzzword.org.uk/rdf/h5#\n"+
"atomix	http://buzzword.org.uk/rdf/atomix#\n"+
"swrlb	http://www.w3.org/2003/11/swrlb#\n"+
"con	http://www.w3.org/2000/10/swap/pim/contact#\n"+
"lomvoc	http://ltsc.ieee.org/rdf/lomv1p0/vocabulary#\n"+
"dctype	http://purl.org/dc/dcmitype/\n"+
"spin	http://spinrdf.org/spin#\n"+
"akts	http://www.aktors.org/ontology/support#\n"+
"imm	http://schemas.microsoft.com/imm/\n"+
"video	http://purl.org/media/video#\n"+
"ti	http://www.ontologydesignpatterns.org/cp/owl/timeinterval.owl#\n"+
"hard	http://www.w3.org/2007/uwa/context/hardware.owl#\n"+
"vs	http://www.w3.org/2003/06/sw-vocab-status/ns#\n"+
"usgov	http://www.rdfabout.com/rdf/schema/usgovt/\n"+
"wdr	http://www.w3.org/2007/05/powder#\n"+
"sail	http://www.openrdf.org/config/sail#\n"+
"myspo	http://purl.org/ontology/myspace#\n"+
"pmlj	http://inference-web.org/2.0/pml-justification.owl#\n"+
"mo	http://purl.org/ontology/mo/\n"+
"sc	http://umbel.org/umbel/sc/\n"+
"nrl	http://www.semanticdesktop.org/ontologies/2007/08/15/nrl#\n"+
"space	http://purl.org/net/schemas/space/\n"+
"ptr	http://www.w3.org/2009/pointers#\n"+
"eztag	http://ontologies.ezweb.morfeo-project.org/eztag/ns#\n"+
"sit	http://www.ontologydesignpatterns.org/cp/owl/situation.owl#\n"+
"lgd	http://linkedgeodata.org/vocabulary#\n"+
"powder	http://www.w3.org/2007/05/powder#\n"+
"nao	http://www.semanticdesktop.org/ontologies/2007/08/15/nao#\n"+
"es	http://eulersharp.sourceforge.net/2003/03swap/log-rules#\n"+
"omt	http://purl.org/ontomedia/ext/common/trait#\n"+
"iswc	http://annotation.semanticweb.org/2004/iswc#\n"+
"scovo	http://purl.org/NET/scovo#\n"+
"swrl	http://www.w3.org/2003/11/swrl#\n"+
"doac	http://ramonantonio.net/doac/0.1/#\n"+
"fec	http://www.rdfabout.com/rdf/schema/usfec/\n"+
"ac	http://umbel.org/umbel/ac/\n"+
"ibis	http://purl.org/ibis#\n"+
"tmo	http://www.semanticdesktop.org/ontologies/2008/05/20/tmo#\n"+
"xhe	http://buzzword.org.uk/rdf/xhtml-elements#\n"+
"meta	http://www.openrdf.org/rdf/2009/metadata#\n"+
"sioct	http://rdfs.org/sioc/types#\n"+
"user	http://schemas.talis.com/2005/user/schema#\n"+
"mit	http://purl.org/ontology/mo/mit#\n"+
"frbr	http://purl.org/vocab/frbr/core#\n"+
"taxo	http://purl.org/rss/1.0/modules/taxonomy/\n"+
"wisski	http://wiss-ki.eu/\n"+
"wdrs	http://www.w3.org/2007/05/powder-s#\n"+
"bibtex	http://purl.oclc.org/NET/nknouf/ns/bibtex#\n"+
"zoology	http://purl.org/NET/biol/zoology#\n"+
"chord	http://purl.org/ontology/chord/\n"+
"bio2rdf	http://bio2rdf.org/\n"+
"po	http://purl.org/ontology/po/\n"+
"wordmap	http://purl.org/net/ns/wordmap#\n"+
"resex	http://resex.rkbexplorer.com/ontologies/resex#\n"+
"lt	http://diplomski.nelakolundzija.org/LTontology.rdf#\n"+
"lingvoj	http://www.lingvoj.org/ontology#\n"+
"osoc	http://web-semantics.org/ns/opensocial#\n"+
"rei	http://www.w3.org/2004/06/rei#\n"+
"ncal	http://www.semanticdesktop.org/ontologies/2007/04/02/ncal#\n"+
"phss	http://ns.poundhill.com/phss/1.0/\n"+
"wnschema	http://www.cogsci.princeton.edu/~wn/schema/\n"+
"acl	http://www.w3.org/ns/auth/acl#\n"+
"code	http://telegraphis.net/ontology/measurement/code#\n"+
"rsa	http://www.w3.org/ns/auth/rsa#\n"+
"cyc	http://sw.opencyc.org/concept/\n"+
"irw	http://www.ontologydesignpatterns.org/ont/web/irw.owl#\n"+
"spl	http://spinrdf.org/spl#\n"+
"fresnel	http://www.w3.org/2004/09/fresnel#\n"+
"java	http://www.w3.org/2007/uwa/context/java.owl#\n"+
"ov	http://open.vocab.org/terms/\n"+
"sdl	http://purl.org/vocab/riro/sdl#\n"+
"prv	http://purl.org/net/provenance/ns#\n"+
"prj	http://purl.org/stuff/project/\n"+
"crypto	http://www.w3.org/2000/10/swap/crypto#\n"+
"abc	http://www.metadata.net/harmony/ABCSchemaV5Commented.rdf#\n"+
"p3p	http://www.w3.org/2002/01/p3prdfv1#\n"+
"test	http://test2.example.com/\n"+
"doc	http://www.w3.org/2000/10/swap/pim/doc#\n"+
"tl	http://purl.org/NET/c4dm/timeline.owl#\n"+
"wv	http://vocab.org/waiver/terms/\n"+
"swp	http://www.w3.org/2004/03/trix/swp-2/\n"+
"lom	http://ltsc.ieee.org/rdf/lomv1p0/lom#\n"+
"xen	http://buzzword.org.uk/rdf/xen#\n"+
"swh	http://plugin.org.uk/swh-plugins/\n"+
"nmo	http://www.semanticdesktop.org/ontologies/2007/03/22/nmo#\n"+
"acc	http://purl.org/NET/acc#\n"+
"conserv	http://conserv.deri.ie/ontology#\n"+
"loc	http://www.w3.org/2007/uwa/context/location.owl#\n"+
"sv	http://schemas.talis.com/2005/service/schema#\n"+
"umbel	http://umbel.org/umbel#\n"+
"link	http://www.w3.org/2006/link#\n"+
"oauth	http://demiblog.org/vocab/oauth#\n"+
"acm	http://www.rkbexplorer.com/ontologies/acm#\n"+
"sp	http://spinrdf.org/sp#\n"+
"frbre	http://purl.org/vocab/frbr/extended#\n"+
"unit	http://data.nasa.gov/qudt/owl/unit#\n"+
"dcmitype	http://purl.org/dc/dcmitype/\n"+
"wgs84	http://www.w3.org/2003/01/geo/wgs84_pos#\n"+
"lastfm	http://purl.org/ontology/last-fm/\n"+
"airport	http://www.daml.org/2001/10/html/airport-ont#\n"+
"yago	http://dbpedia.org/class/yago/\n"+
"am	http://vocab.deri.ie/am#\n"+
"ddc	http://purl.org/NET/decimalised#\n"+
"omc	http://purl.org/ontomedia/ext/common/bestiary#\n"+
"sim	http://purl.org/ontology/similarity/\n"+
"doclist	http://www.junkwork.net/xml/DocumentList#\n"+
"sl	http://www.semanlink.net/2001/00/semanlink-schema#\n"+
"urn	http://fliqz.com/\n"+
"swandr	http://purl.org/swan/1.2/discourse-relationships/\n"+
"resist	http://www.rkbexplorer.com/ontologies/resist#\n"+
"hlisting	http://sindice.com/hlisting/0.1/\n"+
"pmlr	http://inference-web.org/2.0/pml-relation.owl#\n"+
"cycann	http://sw.cyc.com/CycAnnotations_v1#\n"+
"cert	http://www.w3.org/ns/auth/cert#\n"+
"qdoslf	http://foaf.qdos.com/lastfm/schema/\n"+
"evset	http://dsnotify.org/vocab/eventset/0.1/\n"+
"custom	http://www.openrdf.org/config/sail/custom#\n"+
"wairole	http://www.w3.org/2005/01/wai-rdf/GUIRoleTaxonomy#\n"+
"lode	http://linkedevents.org/ontology/\n"+
"swanqs	http://purl.org/swan/1.2/qualifiers/\n"+
"xl	http://langegger.at/xlwrap/vocab#\n"+
"pimo	http://www.semanticdesktop.org/ontologies/2007/11/01/pimo#\n"+
"pmt	http://tipsy.googlecode.com/svn/trunk/vocab/pmt#\n"+
"web	http://www.w3.org/2007/uwa/context/web.owl#\n"+
"dady	http://purl.org/NET/dady#\n"+
"biol	http://purl.org/NET/biol/ns#\n"+
"tags	http://www.holygoat.co.uk/owl/redwood/0.1/tags/\n"+
"dcterm	http://purl.org/dc/terms/\n"+
"politico	http://www.rdfabout.com/rdf/schema/politico/\n"+
"ire	http://www.ontologydesignpatterns.org/cpont/ire.owl#\n"+
"ecs	http://rdf.ecs.soton.ac.uk/ontology/ecs#\n"+
"sesame	http://www.openrdf.org/schema/sesame#\n"+
"gpt	http://purl.org/vocab/riro/gpt#\n"+
"swanpav	http://purl.org/swan/1.2/pav/\n"+
"c4n	http://vocab.deri.ie/c4n#\n"+
"sede	http://eventography.org/sede/0.1/\n"+
"profiling	http://ontologi.es/profiling#\n"+
"grddl	http://www.w3.org/2003/g/data-view#\n"+
"cnt	http://www.w3.org/2008/content#\n"+
"contact	http://www.w3.org/2000/10/swap/pim/contact#\n"+
"like	http://ontologi.es/like#\n"+
"vote	http://www.rdfabout.com/rdf/schema/vote/\n"+
"uri	http://purl.org/NET/uri#\n"+
"swanag	http://purl.org/swan/1.2/agents/\n"+
"omp	http://purl.org/ontomedia/ext/common/profession#\n"+
"ping	http://purl.org/net/pingback/\n"+
"states	http://www.w3.org/2005/07/aaa#\n"+
"list	http://www.w3.org/2000/10/swap/list#\n"+
"atom	http://www.w3.org/2005/Atom/\n"+
"puc	http://purl.org/NET/puc#\n"+
"formats	http://www.w3.org/ns/formats/\n"+
"common	http://www.w3.org/2007/uwa/context/common.owl#\n"+
"lifecycle	http://purl.org/vocab/lifecycle/schema#\n"+
"protege	http://protege.stanford.edu/system#\n"+
"og	http://opengraphprotocol.org/schema/\n"+
"pr	http://ontologi.es/profiling#\n"+
"bsbm	http://www4.wiwiss.fu-berlin.de/bizer/bsbm/v01/vocabulary/\n"+
"climb	http://climb.dataincubator.org/vocabs/climb/\n"+
"admin	http://webns.net/mvcb/\n"+
"osgb	http://data.ordnancesurvey.co.uk/id/\n"+
"fed	http://www.openrdf.org/config/sail/federation#\n"+
"audio	http://purl.org/media/audio#\n"+
"skosxl	http://www.w3.org/2008/05/skos-xl#\n"+
"ddl	http://purl.org/vocab/riro/ddl#\n"+
"sm	http://topbraid.org/sparqlmotion#\n"+
"scv	http://purl.org/NET/scovo#\n"+
"scot	http://scot-project.org/scot/ns#\n"+
"lfm	http://purl.org/ontology/last-fm/\n"+
"exif	http://www.w3.org/2003/12/exif/ns#\n"+
"omm	http://purl.org/ontomedia/core/media#\n"+
"swanci	http://purl.org/swan/1.2/citations/\n"+
"rdfa	http://www.w3.org/ns/rdfa#\n"+
"daml	http://www.daml.org/2001/03/daml+oil#\n"+
"affy	http://www.affymetrix.com/community/publications/affymetrix/tmsplice#\n"+
"string	http://www.w3.org/2000/10/swap/string#\n"+
"push	http://www.w3.org/2007/uwa/context/push.owl#\n"+
"smiley	http://www.smileyontology.com/ns#\n"+
"commerce	http://purl.org/commerce#\n"+
"gob	http://purl.org/ontology/last-fm/\n"+
"courseware	http://courseware.rkbexplorer.com/ontologies/courseware#\n"+
"nco	http://www.semanticdesktop.org/ontologies/2007/03/22/nco#\n"+
"xesam	http://freedesktop.org/standards/xesam/1.0/core#\n"+
"psych	http://purl.org/vocab/psychometric-profile/\n"+
"obj	http://www.openrdf.org/rdf/2009/object#\n"+
"plink	http://buzzword.org.uk/rdf/personal-link-types#\n"+
"lfn	http://www.dotnetrdf.org/leviathan#\n"+
"opm	http://openprovenance.org/ontology#\n"+
"sml	http://topbraid.org/sparqlmotionlib#\n"+
"moat	http://moat-project.org/ns#\n"+
"ldap	http://purl.org/net/ldap/\n"+
"dummy	http://hello.com/\n"+
"music	http://musicontology.com/\n"+
"smf	http://topbraid.org/sparqlmotionfunctions#\n"+
"product	http://purl.org/commerce/product#\n"+
"nid3	http://www.semanticdesktop.org/ontologies/2007/05/10/nid3#\n"+
"soft	http://www.w3.org/2007/uwa/context/software.owl#\n"+
"net	http://www.w3.org/2007/uwa/context/network.owl#\n"+
"so	http://purl.org/ontology/symbolic-music/\n"+
"xhtmlvocab	http://www.w3.org/1999/xhtml/vocab/\n"+
"nexif	http://www.semanticdesktop.org/ontologies/2007/05/10/nexif#\n"+
"play	http://uriplay.org/spec/ontology/#\n"+
"mysql	http://web-semantics.org/ns/mysql/\n"+
"resource	http://purl.org/vocab/resourcelist/schema#\n"+
"trackback	http://madskills.com/public/xml/rss/module/trackback/\n"+
"dbpp	http://dbpedia.org/property/\n"+
"gold	http://purl.org/linguistics/gold/\n"+
"movie	http://data.linkedmdb.org/resource/movie/\n"+
"xforms	http://www.w3.org/2002/xforms/\n"+
"sysont	http://ns.ontowiki.net/SysOnt/\n"+
"label	http://purl.org/net/vocab/2004/03/label#\n"+
"okkam	http://models.okkam.org/ENS-core-vocabulary#\n"+
"dbpediaowl	http://dbpedia.org/ontology/\n"+
"swanco	http://purl.org/swan/1.2/swan-commons/\n"+
"dailymed	http://www4.wiwiss.fu-berlin.de/dailymed/resource/dailymed/\n"+
"meetup	http://www.lotico.com/meetup/\n"+
"status	http://ontologi.es/status#\n"+
"timeline	http://purl.org/NET/c4dm/timeline.owl#\n"+
"oat	http://openlinksw.com/schemas/oat/\n"+
"lotico	http://www.lotico.com/meetup/\n"+
"dcat	http://vocab.deri.ie/dcat#\n"+
"wgs	http://www.w3.org/2003/01/geo/wgs84_pos#\n"+
"imreg	http://www.w3.org/2004/02/image-regions#\n"+
"wgspos	http://www.w3.org/2003/01/geo/wgs84_pos#\n"+
"opensearch	http://a9.com/-/spec/opensearch/1.1/\n"+
"ezcontext	http://ontologies.ezweb.morfeo-project.org/ezcontext/ns#\n"+
"coin	http://purl.org/court/def/2009/coin#\n"+
"time	http://www.w3.org/2006/time#\n"+
"bib	http://zeitkunst.org/bibtex/0.1/bibtex.owl#\n"+
"rooms	http://vocab.deri.ie/rooms#\n"+
"sparql	http://www.openrdf.org/config/repository/sparql#\n"+
"opo	http://online-presence.net/opo/ns#\n"+
"tripfs	http://purl.org/tripfs/2010/02#\n"+
"pmlp	http://inference-web.org/2.0/pml-provenance.owl#\n"+
"ttl	http://www.w3.org/2008/turtle#\n"+
"pmlt	http://inference-web.org/2.0/pml-trust.owl#\n"+
"drugbank	http://www4.wiwiss.fu-berlin.de/drugbank/resource/drugbank/\n"+
"geographis	http://telegraphis.net/ontology/geography/geography#\n"+
"sioca	http://rdfs.org/sioc/actions#\n"+
"wn20schema	http://www.w3.org/2006/03/wn/wn20/schema/\n"+
"ufmedia	http://purl.org/microformat/hmedia/\n"+
"mf	http://poshrdf.org/ns/mf#\n"+
"txn	http://lod.taxonconcept.org/ontology/txn.owl#\n"+
"meteo	http://purl.org/ns/meteo#\n"+
"lib	http://schemas.talis.com/2005/library/schema#\n"+
"rec	http://purl.org/ontology/rec/core#\n"+
"awol	http://bblfish.net/work/atom-owl/2006-06-06/#\n"+
"aifb	http://www.aifb.kit.edu/id/\n"+
"sawsdl	http://www.w3.org/ns/sawsdl#\n"+
"copyright	http://rhizomik.net/ontologies/2008/05/copyrightonto.owl#\n"+
"pdo	http://ontologies.smile.deri.ie/pdo#\n"+
"evopat	http://ns.aksw.org/Evolution/\n"+
"whois	http://www.kanzaki.com/ns/whois#\n"+
"rulz	http://purl.org/NET/rulz#\n"+
"isi	http://purl.org/ontology/is/inst/\n"+
"qb	http://purl.org/linked-data/cube#\n"+
"xbrli	http://www.xbrl.org/2003/instance#\n"+
"ya	http://blogs.yandex.ru/schema/foaf/\n"+
"ref	http://purl.org/vocab/relationship/\n"+
"ean	http://openean.kaufkauf.net/id/\n"+
"wlp	http://weblab-project.org/core/model/property/processing/\n"+
"remus	http://www.semanticweb.org/ontologies/2010/6/Ontology1279614123500.owl#\n"+
"sdmx	http://purl.org/linked-data/sdmx#\n"+
"derecho	http://purl.org/derecho#\n"+
"ist	http://purl.org/ontology/is/types/\n"+
"cos	http://www.inria.fr/acacia/corese#\n"+
"dayta	http://dayta.me/resource#\n"+
"yoda	http://purl.org/NET/yoda#\n"+
"swivt	http://semantic-mediawiki.org/swivt/1.0#\n"+
"act	http://www.w3.org/2007/rif-builtin-action#\n"+
"dnr	http://www.dotnetrdf.org/configuration#\n"+
"game	http://data.totl.net/game/\n"+
"tarot	http://data.totl.net/tarot/card/\n"+
"hcterms	http://purl.org/uF/hCard/terms/\n"+
"loticoowl	http://www.lotico.com/ontology/\n"+
"uniprot	http://purl.uniprot.org/core/\n"+
"olo	http://purl.org/ontology/olo/core#\n"+
"posh	http://poshrdf.org/ns/posh/\n"+
"isq	http://purl.org/ontology/is/quality/\n"+
"tripfs2	http://purl.org/tripfs/2010/06#\n"+
"oc	http://opencoinage.org/rdf/\n"+
"gv	http://rdf.data-vocabulary.org/#\n"+
"lark1	http://users.utcluj.ro/~raluca/ontology/Ontology1279614123500.owl#\n"+
"is	http://purl.org/ontology/is/core#\n"+
"anca	http://www.semanticweb.org/ontologies/2010/6/Ontology1279614123500.owl#\n"+
"nt	http://ns.inria.fr/nicetag/2010/09/09/voc#\n"+
"conv	http://purl.org/twc/vocab/conversion/\n"+
"search	http://sindice.com/vocab/search#\n"+
"geospecies	http://rdf.geospecies.org/ont/geospecies#\n"+
"geoes	http://geo.linkeddata.es/page/ontology/\n"+
"wo	http://purl.org/ontology/wo/core#\n"+
"dgfoaf	http://west.uni-koblenz.de/ontologies/2010/07/dgfoaf.owl#\n"+
"opmv	http://purl.org/net/opmv/ns#\n"+
"opus	http://lsdis.cs.uga.edu/projects/semdis/opus#\n"+
"ao	http://purl.org/ontology/ao/core#\n"+
"prot	http://www.proteinontology.info/po.owl#\n"+
"r2r	http://www4.wiwiss.fu-berlin.de/bizer/r2r/\n"+
"protons	http://proton.semanticweb.org/2005/04/protons#\n"+
"cco	http://purl.org/ontology/cco/core#\n"+
"w3p	http://prov4j.org/w3p/\n"+
"gridworks	http://purl.org/net/opmv/types/gridworks#\n"+
"toby	http://tobyinkster.co.uk/#\n"+
"ma	http://www.w3.org/ns/ma-ont#\n"+
"httph	http://www.w3.org/2007/ont/httph#\n"+
"ct	http://data.linkedct.org/resource/linkedct/\n"+
"lp	http://launchpad.net/rdf/launchpad#\n"+
"session	http://redfoot.net/2005/session#\n"+
"oo	http://purl.org/openorg/\n"+
"openlinks	http://www.openlinksw.com/schemas/virtrdf#\n"+
"eu	http://eulersharp.sourceforge.net/2003/03swap/log-rules#\n"+
"nsa	http://multimedialab.elis.ugent.be/organon/ontologies/ninsuna#\n"+
"rr	http://www.w3.org/ns/r2rml#\n"+
"dv	http://rdf.data-vocabulary.org/#\n"+
"linkedct	http://data.linkedct.org/resource/linkedct/\n"+
"compass	http://purl.org/net/compass#\n"+
"#obs	???\n"+
"cito	http://purl.org/net/cito/\n"+
"postcode	http://data.ordnancesurvey.co.uk/id/postcodeunit/\n"+
"rail	http://ontologi.es/rail/vocab#\n"+
"com	http://purl.org/commerce#\n"+
"dul	http://www.loa-cnr.it/ontologies/DUL.owl#\n"+
"tio	http://purl.org/tio/ns#\n"+
"crm	http://purl.org/NET/cidoc-crm/core#\n"+
"dblp	http://www4.wiwiss.fu-berlin.de/dblp/terms.rdf#\n"+
"odp	http://ontologydesignpatterns.org/\n"+
"sindice	http://vocab.sindice.net/\n"+
"pobo	http://purl.obolibrary.org/obo/\n"+
"c4o	http://purl.org/spar/c4o/\n"+
"countries	http://eulersharp.sourceforge.net/2003/03swap/countries#\n"+
"drug	http://www.agfa.com/w3c/2009/drugTherapy#\n"+
"lvont	http://lexvo.org/ontology#\n"+
"events	http://eulersharp.sourceforge.net/2003/03swap/event#\n"+
"umbelrc	http://umbel.org/umbel/rc/\n"+
"xtypes	http://purl.org/xtypes/\n"+
"enc	http://www.w3.org/2001/04/xmlenc#\n"+
"opwn	http://www.ontologyportal.org/WordNet.owl#\n"+
"freebase	http://rdf.freebase.com/ns/\n"+
"human	http://eulersharp.sourceforge.net/2003/03swap/human#\n"+
"humanbody	http://eulersharp.sourceforge.net/2003/03swap/humanBody#\n"+
"languages	http://eulersharp.sourceforge.net/2003/03swap/languages#\n"+
"organism	http://eulersharp.sourceforge.net/2003/03swap/organism#\n"+
"units	http://eulersharp.sourceforge.net/2003/03swap/unitsExtension#\n"+
"bioskos	http://eulersharp.sourceforge.net/2003/03swap/bioSKOSSchemes#\n"+
"transmed	http://www.w3.org/2001/sw/hcls/ns/transmed/\n"+
"conversion	http://purl.org/twc/vocab/conversion/\n"+
"genab	http://eulersharp.sourceforge.net/2003/03swap/genomeAbnormality#\n"+
"organiz	http://eulersharp.sourceforge.net/2003/03swap/organization#\n"+
"agents	http://eulersharp.sourceforge.net/2003/03swap/agent#\n"+
"nndsr	http://semanticdiet.com/schema/usda/nndsr/\n"+
"agent	http://eulersharp.sourceforge.net/2003/03swap/agent#\n"+
"#porn	???\n"+
"elog	http://eulersharp.sourceforge.net/2003/03swap/log-rules#\n"+
"malignneo	http://www.agfa.com/w3c/2009/malignantNeoplasm#\n"+
"clineva	http://www.agfa.com/w3c/2009/clinicalEvaluation#\n"+
"hemogram	http://www.agfa.com/w3c/2009/hemogram#\n"+
"sig	http://purl.org/signature#\n"+
"spacerel	http://data.ordnancesurvey.co.uk/ontology/spatialrelations/\n"+
"care	http://eulersharp.sourceforge.net/2003/03swap/care#\n"+
"hartigprov	http://purl.org/net/provenance/ns#\n"+
"cpm	http://catalogus-professorum.org/cpm/\n"+
"ps	http://purl.org/payswarm#\n"+
"environ	http://eulersharp.sourceforge.net/2003/03swap/environment#\n"+
"healthcare	http://www.agfa.com/w3c/2009/healthCare#\n"+
"ass	http://uptheasset.org/ontology#\n"+
"infection	http://www.agfa.com/w3c/2009/infectiousDisorder#\n"+
"ccard	http://purl.org/commerce/creditcard#\n"+
"uni	http://purl.org/weso/uni/uni.html#\n"+
"geodata	http://sws.geonames.org/\n"+
"req	http://ns.softwiki.de/req/\n"+
"clinproc	http://www.agfa.com/w3c/2009/clinicalProcedure#\n"+
"hospital	http://www.agfa.com/w3c/2009/hospital#\n"+
"quantities	http://eulersharp.sourceforge.net/2003/03swap/quantitiesExtension#\n"+
"pgterms	http://www.gutenberg.org/2009/pgterms/\n"+
"quak	http://dev.w3.org/cvsweb/2000/quacken/vocab#\n"+
"disease	http://www.agfa.com/w3c/2009/humanDisorder#\n"+
"arch	http://purl.org/archival/vocab/arch#\n"+
"voaf	http://mondeca.com/foaf/voaf#\n"+
"pbo	http://purl.org/ontology/pbo/core#\n"+
"span	http://www.ifomis.org/bfo/1.1/span#\n"+
"uta	http://uptheasset.org/ontology#\n"+
"esd	http://def.esd.org.uk/\n"+